text,label
"Get your free betting tips today",1
"How do I reset my account password?",0
"Win real money with online slots",1
"How can I update my contact details?",0
"Best casino welcome bonus",1
"How do I change my notification settings?",0
"Exclusive sportsbook deals",1
"How can I request a refund?",0
"Play poker for cash prizes",1
"How do I delete my account permanently?",0
"Claim your free spins instantly",1
"How can I change my username?",0
"Top online gambling rewards",1
"How do I subscribe to updates?",0
"Get instant payout on winnings",1
"How can I change my email address?",0
"Best odds for sports betting",1
"How do I contact customer support?",0
"Win big with online casino games",1
"How can I change my profile picture?",0
"No deposit required for bonus",1
"How do I manage my privacy settings?",0
"Get free credits every weekend",1
"How can I change my account type?",0
"Top-rated online slot machines",1
"How do I set up two-factor authentication?",0
"Exclusive casino promotions",1
"How can I update my billing address?",0
"Win jackpot every week",1
"How do I change my account PIN?",0
"Best online lottery rewards",1
"How can I set up account alerts?",0
"Claim your free welcome package",1
"How do I change my account details?",0
"Online gambling with fast withdrawal",1
"How can I request account deletion?",0
"Get exclusive betting offers",1
"How do I change my email notifications?",0
"Best online casino jackpots",1
"How can I update my payment method?",0
"Win free credits every Friday",1
"How do I change my subscription plan?",0
"No minimum deposit needed",1
"How can I set up account verification?",0
"Get free spins every Saturday",1
"How do I change my account recovery options?",0
"Top online casino bonuses",1
"How can I update my account preferences?",0
"Win big with online betting",1
"How do I change my account security question?",0
"Claim your free credits every Sunday",1
"How can I update my account alerts?",0
"Best online slot promotions",1
"How do I change my account notification preferences?",0
"Win free spins every Thursday",1
"How can I change my account privacy settings?",0
"Top online casino rewards",1
"How do I set up account password recovery?",0
"Get free bonus every Wednesday",1
"How can I change my account recovery phone number?",0
"Best online betting jackpots",1
"How do I update my account notification settings?",0
"Win big with online slots",1
"How can I change my account recovery email?",0
"Claim your free credits every Tuesday",1
"How do I set up account security settings?",0
"Online casino with instant payout",1
"How can I change my account security preferences?",0
"Get free spins every Monday",1
"How do I update my account privacy preferences?",0
"Best online betting offers",1
"How can I set up account privacy preferences?",0
"Win free credits every Saturday",1
"How do I change my account privacy options?",0
"Top online casino promotions",1
"How can I update my account privacy options?",0
"Get free bonus every Sunday",1
"How can I set up account privacy options?",0
"Best online slot jackpots",1
"How do I change my account privacy settings?",0
"Win big with online casino",1
"How can I update my account privacy settings?",0
"Claim your free credits every Wednesday",1
"How can I set up account privacy settings?",0
"Online casino with exclusive rewards",1
"How can I change my account privacy preferences?",0
"Get free spins every Thursday",1
"How can I update my account privacy preferences?",0
"Best online betting rewards",1
"How can I set up account privacy preferences?",0
"Win free credits every Friday",1
"How can I change my account privacy options?",0
"Top online casino jackpots",1
"How can I update my account privacy options?",0
"Get free bonus every Monday",1
"How can I set up account privacy options?",0
"Best online slot rewards",1
"How can I change my account privacy settings?",0
"Win big with online gambling",1
"How can I update my account privacy settings?",0
"Claim your free credits every Thursday",1
"How can I set up account privacy settings?",0
"Online casino with instant payout",1
"How can I change my account privacy preferences?",0
"Get free spins every Sunday",1
"How can I update my account privacy preferences?",0
"Best online betting offers",1
"How can I set up account privacy preferences?",0
"Win free credits every Monday",1
"How can I change my account privacy options?",0
"Top online casino rewards",1
"How can I update my account privacy options?",0
"Get free bonus every Friday",1
"How can I set up account privacy options?",0
"Best online slot promotions",1
"How can I change my account privacy settings?",0
"Win big with online casino",1
"How can I update my account privacy settings?",0
"Claim your free credits every Saturday",1
"How can I set up account privacy settings?",0
"Online casino with exclusive rewards",1
"How can I change my account privacy preferences?",0
"Get free spins every Tuesday",1
"How can I update my account privacy preferences?",0
"Best online betting rewards",1
"How can I set up account privacy preferences?",0
"Win free credits every Sunday",1
"How can I change my account privacy options?",0
"Top online casino jackpots",1
"How can I update my account privacy options?",0
"Get free bonus every Thursday",1
"How can I set up account privacy options?",0
"Best online slot jackpots",1
"How can I change my account privacy settings?",0
"Win big with online betting",1
"How can I update my account privacy settings?",0
"Claim your free credits every Friday",1
"How can I set up account privacy settings?",0
"Online casino with instant payout",1
"How can I change my account privacy preferences?",0
"Get free spins every Saturday",1
"How can I update my account privacy preferences?",0
"Best online casino bonus",1
"How to reset my password?",0
"Get free spins now!",1
"Can I change my email address?",0
"Top betting site 2025",1
"I need help with my account",0
"Win big with slot machines",1
"How do I contact support?",0
"Exclusive sportsbook offer",1
"Where can I find my invoice?",0
"Play poker and win cash",1
"How to update my profile?",0
"Claim your free credits today",1
"How do I delete my account?",0
"Best odds for football betting",1
"How to subscribe to newsletter?",0
"Online gambling made easy",1
"How do I change my username?",0
"Get instant withdrawal",1
"How to set up two-factor authentication?",0
"Top-rated online slots",1
"How do I request a refund?",0
"Bet on sports safely",1
"How to change notification settings?",0
"Sign up for free bonus",1
"How do I update my phone number?",0
"Best online lottery site",1
"How to manage privacy settings?",0
"Win jackpot every day",1
"How do I change my password?",0
"No minimum deposit required",1
"How to enable account security?",0
"Get free welcome package",1
"How do I change my profile picture?",0
"Top casino promotions",1
"How to receive payment?",0
"Fast payout guaranteed",1
"How do I change my address?",0
"Best online betting experience",1
"How to unsubscribe from emails?",0
"Play slots for real money",1
"How do I check my transaction history?",0
"Exclusive VIP rewards",1
"How to set up bank account?",0
"Win free credits instantly",1
"How do I change my security question?",0
"Best online poker tournaments",1
"How to contact customer service?",0
"Get free bonus every week",1
"How do I change my notification preferences?",0
"Top online gambling site",1
"How to update payment method?",0
"Win big with online slots",1
"How do I change my subscription?",0
"Best sportsbook offers",1
"How to set up account alerts?",0
"Claim your free spins now",1
"How do I change my account settings?",0
"Online casino with fast withdrawal",1
"How to request account deletion?",0
"Get exclusive betting tips",1
"How do I change my email notifications?",0
"Best online lottery promotions",1
"How to update my contact info?",0
"Win free jackpot prizes",1
"How do I change my account password?",0
"No deposit bonus available",1
"How to enable privacy mode?",0
"Get free credits every month",1
"How do I change my account type?",0
"Top online casino games",1
"How to set up account recovery?",0
"Win big with sports betting",1
"How do I change my account language?",0
"Best online slot machines",1
"How to update my billing address?",0
"Claim your free welcome bonus",1
"How do I change my account PIN?",0
"Online gambling with instant payout",1
"How to set up account notifications?",0
"Get free spins every day",1
"How do I change my account security settings?",0
"Best online casino rewards",1
"How to update my account details?",0
"Win free credits every week",1
"How do I change my account recovery options?",0
"Top online betting site",1
"How to set up account verification?",0
"Play slots and win cash",1
"How do I change my account preferences?",0
"Exclusive online casino offers",1
"How to update my account information?",0
"Get free bonus every month",1
"How do I change my account email?",0
"Best online gambling rewards",1
"How to set up account password?",0
"Win big with online casino",1
"How do I change my account username?",0
"Claim your free credits instantly",1
"How to update my account password?",0
"Top online casino jackpots",1
"How do I change my account phone number?",0
"Get free spins every week",1
"How to set up account notifications?",0
"Best online betting rewards",1
"How do I change my account security question?",0
"Win free credits every month",1
"How to update my account recovery options?",0
"Top online casino bonuses",1
"How do I change my account billing address?",0
"Get free bonus every week",1
"How to set up account alerts?",0
"Best online slot rewards",1
"How do I change my account notification settings?",0
"Win big with online gambling",1
"How to update my account preferences?",0
"Claim your free jackpot now",1
"How do I change my account details?",0
"Online casino with exclusive offers",1
"How to set up account privacy settings?",0
"Get free credits every week",1
"How do I change my account recovery email?",0
"Best online betting bonuses",1
"How to update my account alerts?",0
"Win free spins every month",1
"How do I change my account privacy settings?",0
"Top online casino rewards",1
"How to set up account password recovery?",0
"Get free bonus every day",1
"How do I change my account recovery phone number?",0
"Best online slot bonuses",1
"How to update my account notification preferences?",0
"Win big with online slots",1
"How do I change my account recovery options?",0
"Claim your free credits every day",1
"How to set up account security settings?",0
"Online casino with fast payout",1
"How do I change my account security preferences?",0
"Get free spins every month",1
"How to update my account privacy preferences?",0
"Best online betting jackpots",1
"How to set up account privacy preferences?",0
"Win free credits every day",1
"How do I change my account privacy options?",0
"Top online casino offers",1
"How to update my account privacy options?",0
"Get free bonus every month",1
"How to set up account privacy options?",0
"Best online slot jackpots",1
"How do I change my account privacy settings?",0
"Win big with online betting",1
"How to update my account privacy settings?",0
"Claim your free credits every week",1
"How to set up account privacy settings?",0
"Online casino with instant payout",1
"How do I change my account privacy preferences?",0
"Get free spins every day",1
"How to update my account privacy preferences?",0
"Best online betting offers",1
"How to set up account privacy preferences?",0
"Win free credits every week",1
"How do I change my account privacy options?",0
"Top online casino promotions",1
"How to update my account privacy options?",0
"Get free bonus every week",1
"How to set up account privacy options?",0
"Best online slot promotions",1
"How do I change my account privacy settings?",0
"Win big with online casino",1
"How to update my account privacy settings?",0
"Claim your free credits every month",1
"How to set up account privacy settings?",0
"Online casino with exclusive rewards",1
"How do I change my account privacy preferences?",0
"Get free spins every week",1
"How to update my account privacy preferences?",0
"Best online betting rewards",1
"How to set up account privacy preferences?",0
"Win free credits every month",1
"How do I change my account privacy options?",0
"Top online casino jackpots",1
"How to update my account privacy options?",0
"Get free bonus every day",1
"How to set up account privacy options?",0
"Best online slot jackpots",1
"How do I change my account privacy settings?",0
"Win big with online gambling",1
"How to update my account privacy settings?",0
"Claim your free credits every week",1
"How to set up account privacy settings?",0
"Online casino with instant payout",1
"How do I change my account privacy preferences?",0
"Get free spins every day",1
"How to update my account privacy preferences?",0
"Best online betting offers",1
"How to set up account privacy preferences?",0
"Win free credits every week",1
"How do I change my account privacy options?",0
"Top online casino promotions",1
"How to update my account privacy options?",0
"Get free bonus every week",1
"How to set up account privacy options?",0
"Best online slot promotions",1
"How do I change my account privacy settings?",0
"Win big with online casino",1
"How to update my account privacy settings?",0
"Claim your free credits every month",1
"How to set up account privacy settings?",0
"Online casino with exclusive rewards",1
"How do I change my account privacy preferences?",0
"Get free spins every week",1
"How to update my account privacy preferences?",0
"สมัครเว็บพนันฟรี เหี้ย fuck",1
"โปรโมชั่นใหม่ www.bet.com",1
"ขอบคุณค่ะ",0
"สวัสดีครับ",0
"เว็บคาสิโนออนไลน์ เครดิตฟรี",1
"ขอข้อมูลเพิ่มเติม",0
"แทงบอลวันนี้รับโปร",1
"สวัสดีวันจันทร์",0
"slot online ได้เงินจริง",1
"ขอสอบถามข้อมูล",0
"betting online ได้เงินจริง",1
"เว็บหวยออนไลน์จ่ายจริง",1
"ขอใบเสนอราคา",0
"สอบถามรายละเอียดสินค้า",0
"เว็บพนันอันดับหนึ่ง",1
"ขอวิธีใช้งานระบบ",0
"casino online โปรโมชั่น",1
"ขอใบเสร็จรับเงิน",0
"เว็บสล็อตแตกง่าย",1
"ขอความช่วยเหลือ",0
"สมัครสมาชิกใหม่รับเครดิตฟรี",1
"ขอข้อมูลการชำระเงิน",0
"เว็บแทงบอลที่ดีที่สุด",1
"สอบถามสถานะการจัดส่ง",0
"หวยออนไลน์จ่ายสูง",1
"ขอวิธีแก้ไขปัญหา",0
"เว็บพนันถูกกฎหมาย",1
"ขอรายละเอียดการคืนสินค้า",0
"slot machine online",1
"ขอใบกำกับภาษี",0
"เว็บพนันแจกโบนัส",1
"ขอวิธีสมัครสมาชิก",0
"เว็บคาสิโนแจกเครดิตฟรี",1
"ขอข้อมูลโปรโมชั่น",0
"เว็บพนันฝากถอนออโต้",1
"ขอวิธีติดต่อเจ้าหน้าที่",0
"เว็บพนันไม่มีขั้นต่ำ",1
"ขอวิธีเปลี่ยนรหัสผ่าน",0
"เว็บพนันออนไลน์ได้เงินจริง",1
"ขอวิธีลบข้อมูลส่วนตัว",0
"เว็บพนันแจกเครดิตฟรี",1
"ขอวิธีตั้งค่าบัญชี",0
"เว็บหวยจ่ายจริง",1
"สอบถามวิธีการใช้งาน",0
"เว็บพนันแจกเครดิตฟรีล่าสุด",1
"ขอวิธีสมัครใช้งาน",0
"slot online โปรโมชั่น",1
"ขอวิธีเปลี่ยนภาษา",0
"เว็บพนันฝากถอนเร็ว",1
"ขอวิธีตั้งค่าความปลอดภัย",0
"เว็บพนันแจกโบนัสฟรี",1
"ขอวิธีลบบัญชี",0
"เว็บพนันออนไลน์อันดับหนึ่ง",1
"ขอวิธีเปลี่ยนเบอร์โทร",0
"เว็บพนันแจกเครดิตฟรีทุกวัน",1
"ขอวิธีตั้งค่าการแจ้งเตือน",0
"เว็บพนันฝากถอนง่าย",1
"ขอวิธีเปลี่ยนอีเมล",0
"เว็บพนันแจกเครดิตฟรีไม่อั้น",1
"ขอวิธีตั้งค่ารหัสผ่าน",0
"เว็บพนันออนไลน์จ่ายจริง",1
"ขอวิธีเปลี่ยนชื่อผู้ใช้",0
"เว็บพนันแจกเครดิตฟรีสูงสุด",1
"ขอวิธีตั้งค่าบัญชีธนาคาร",0
"เว็บพนันฝากถอนอัตโนมัติ",1
"ขอวิธีเปลี่ยนรหัสผ่านใหม่",0
"เว็บพนันแจกเครดิตฟรีทันที",1
"ขอวิธีตั้งค่าความเป็นส่วนตัว",0
"เว็บพนันออนไลน์แจกโบนัส",1
"ขอวิธีเปลี่ยนรูปโปรไฟล์",0
"เว็บพนันแจกเครดิตฟรีล่าสุด2025",1
"ขอวิธีตั้งค่าการชำระเงิน",0
"เว็บพนันฝากถอนปลอดภัย",1
"ขอวิธีเปลี่ยนรหัสผ่านบัญชี",0
"เว็บพนันแจกเครดิตฟรีทุกเดือน",1
"ขอวิธีตั้งค่าการรับข้อมูล",0
"เว็บพนันออนไลน์แจกเครดิตฟรี2025",1
"ขอวิธีเปลี่ยนรหัสผ่านอีเมล",0
"เว็บพนันแจกเครดิตฟรีทุกสัปดาห์",1
"ขอวิธีตั้งค่าการแจ้งเตือนบัญชี",0
"เว็บพนันฝากถอนสะดวก",1
"ขอวิธีเปลี่ยนรหัสผ่านโทรศัพท์",0
"เว็บพนันแจกเครดิตฟรีทุกปี",1
"ขอวิธีตั้งค่าการรับโปรโมชั่น",0
"เว็บพนันออนไลน์แจกเครดิตฟรีทุกวัน",1
"ขอวิธีเปลี่ยนรหัสผ่านไลน์",0
"เว็บพนันแจกเครดิตฟรีทุกชั่วโมง",1
"ขอวิธีตั้งค่าการรับโบนัส",0
"เว็บพนันฝากถอนเร็วที่สุด",1
"ขอวิธีเปลี่ยนรหัสผ่านเฟซบุ๊ก",0
"เว็บพนันแจกเครดิตฟรีทุกนาที",1
"ขอวิธีตั้งค่าการรับเครดิตฟรี",0
"เว็บพนันออนไลน์แจกเครดิตฟรีทุกเดือน",1
"ขอวิธีเปลี่ยนรหัสผ่านอินสตาแกรม",0
"เว็บพนันแจกเครดิตฟรีทุกวินาที",1
"ขอวิธีตั้งค่าการรับเงิน",0
"เว็บพนันฝากถอนง่ายที่สุด",1
"ขอวิธีเปลี่ยนรหัสผ่านทวิตเตอร์",0
"เว็บพนันแจกเครดิตฟรีทุกเทศกาล",1
"ขอวิธีตั้งค่าการรับรางวัล",0
"เว็บพนันออนไลน์แจกเครดิตฟรีทุกเทศกาล",1
"ขอวิธีเปลี่ยนรหัสผ่านยูทูบ",0
"เว็บพนันแจกเครดิตฟรีทุกโอกาส",1
"ขอวิธีตั้งค่าการรับสิทธิ์",0
"เว็บพนันฝากถอนปลอดภัยที่สุด",1
"ขอวิธีเปลี่ยนรหัสผ่านบัญชีธนาคาร",0
"เว็บพนันแจกเครดิตฟรีทุกกิจกรรม",1
"ขอวิธีตั้งค่าการรับข่าวสาร",0
"เว็บพนันออนไลน์แจกเครดิตฟรีทุกกิจกรรม",1
"ขอวิธีเปลี่ยนรหัสผ่านบัญชีอีเมล",0
"เว็บพนันแจกเครดิตฟรีทุกโปรโมชั่น",1
"ขอวิธีตั้งค่าการรับข้อมูลโปรโมชั่น",0
"เว็บพนันฝากถอนสะดวกที่สุด",1
"ขอวิธีเปลี่ยนรหัสผ่านบัญชีไลน์",0
"เว็บพนันแจกเครดิตฟรีทุกโบนัส",1
"ขอวิธีตั้งค่าการรับข้อมูลโบนัส",0
"เว็บพนันออนไลน์แจกเครดิตฟรีทุกโบนัส",1
"ขอวิธีเปลี่ยนรหัสผ่านบัญชีเฟซบุ๊ก",0
"เว็บพนันแจกเครดิตฟรีทุกเครดิตฟรี",1
"ขอวิธีตั้งค่าการรับข้อมูลเครดิตฟรี",0
"เว็บพนันฝากถอนเร็วปลอดภัย",1
"ขอวิธีเปลี่ยนรหัสผ่านบัญชีอินสตาแกรม",0
"เว็บพนันแจกเครดิตฟรีทุกบัญชี",1
"ขอวิธีตั้งค่าการรับข้อมูลบัญชี",0
"เว็บพนันออนไลน์แจกเครดิตฟรีทุกบัญชี",1
"ขอวิธีเปลี่ยนรหัสผ่านบัญชีทวิตเตอร์",0
"เว็บพนันแจกเครดิตฟรีทุกยูสเซอร์",1
"ขอวิธีตั้งค่าการรับข้อมูลยูสเซอร์",0
"เว็บพนันฝากถอนง่ายปลอดภัย",1
"ขอวิธีเปลี่ยนรหัสผ่านบัญชียูทูบ",0
"เว็บพนันแจกเครดิตฟรีทุกผู้ใช้",1
"ขอวิธีตั้งค่าการรับข้อมูลผู้ใช้",0
"เว็บพนันออนไลน์แจกเครดิตฟรีทุกผู้ใช้",1
"ขอวิธีเปลี่ยนรหัสผ่านบัญชีธนาคารใหม่",0
"เว็บพนันแจกเครดิตฟรีทุกบัญชีใหม่",1
"ขอวิธีตั้งค่าการรับข้อมูลบัญชีใหม่",0
"เว็บพนันฝากถอนเร็วปลอดภัยที่สุด",1
"ขอวิธีเปลี่ยนรหัสผ่านบัญชีอีเมลใหม่",0
"เว็บพนันแจกเครดิตฟรีทุกโปรโมชั่นใหม่",1
"ขอวิธีตั้งค่าการรับข้อมูลโปรโมชั่นใหม่",0
"เว็บพนันออนไลน์แจกเครดิตฟรีทุกโปรโมชั่นใหม่",1
"ขอวิธีเปลี่ยนรหัสผ่านบัญชีไลน์ใหม่",0
"เว็บพนันแจกเครดิตฟรีทุกโบนัสใหม่",1
"ขอวิธีตั้งค่าการรับข้อมูลโบนัสใหม่",0
"เว็บพนันฝากถอนสะดวกปลอดภัย",1
"ขอวิธีเปลี่ยนรหัสผ่านบัญชีเฟซบุ๊กใหม่",0
"เว็บพนันแจกเครดิตฟรีทุกเครดิตฟรีใหม่",1
"ขอวิธีตั้งค่าการรับข้อมูลเครดิตฟรีใหม่",0
"เว็บพนันออนไลน์แจกเครดิตฟรีทุกเครดิตฟรีใหม่",1
"ขอวิธีเปลี่ยนรหัสผ่านบัญชีอินสตาแกรมใหม่",0
"เว็บพนันแจกเครดิตฟรีทุกบัญชีใหม่ล่าสุด",1
"ขอวิธีตั้งค่าการรับข้อมูลบัญชีใหม่ล่าสุด",0
"เว็บพนันฝากถอนง่ายปลอดภัยที่สุด",1
"ขอวิธีเปลี่ยนรหัสผ่านบัญชีทวิตเตอร์ใหม่",0
"เว็บพนันแจกเครดิตฟรีทุกยูสเซอร์ใหม่",1
"ขอวิธีตั้งค่าการรับข้อมูลยูสเซอร์ใหม่",0
"เว็บพนันออนไลน์แจกเครดิตฟรีทุกยูสเซอร์ใหม่",1
"ขอวิธีเปลี่ยนรหัสผ่านบัญชียูทูบใหม่",0
"เว็บพนันแจกเครดิตฟรีทุกผู้ใช้ใหม่",1
"ขอวิธีตั้งค่าการรับข้อมูลผู้ใช้ใหม่",0
"เว็บพนันฝากถอนง่ายปลอดภัยใหม่",1
"ขอวิธีเปลี่ยนรหัสผ่านบัญชีธนาคารล่าสุด",0
"เว็บพนันแจกเครดิตฟรีทุกบัญชีล่าสุด",1
"ขอวิธีตั้งค่าการรับข้อมูลบัญชีล่าสุด",0
"เว็บพนันออนไลน์แจกเครดิตฟรีทุกบัญชีล่าสุด",1
"ขอวิธีเปลี่ยนรหัสผ่านบัญชีอีเมลล่าสุด",0
"เว็บพนันแจกเครดิตฟรีทุกโปรโมชั่นล่าสุด",1
"ขอวิธีตั้งค่าการรับข้อมูลโปรโมชั่นล่าสุด",0
"เว็บพนันฝากถอนสะดวกปลอดภัยล่าสุด",1
"ขอวิธีเปลี่ยนรหัสผ่านบัญชีไลน์ล่าสุด",0
"เว็บพนันแจกเครดิตฟรีทุกโบนัสล่าสุด",1
"ขอวิธีตั้งค่าการรับข้อมูลโบนัสล่าสุด",0
"เว็บพนันออนไลน์แจกเครดิตฟรีทุกโบนัสล่าสุด",1
"ขอวิธีเปลี่ยนรหัสผ่านบัญชีเฟซบุ๊กล่าสุด",0
"เว็บพนันแจกเครดิตฟรีทุกเครดิตฟรีล่าสุด",1
"ขอวิธีตั้งค่าการรับข้อมูลเครดิตฟรีล่าสุด",0
"เว็บพนันฝากถอนเร็วปลอดภัยล่าสุด",1
"ขอวิธีเปลี่ยนรหัสผ่านบัญชีอินสตาแกรมล่าสุด",0
"เว็บพนันแจกเครดิตฟรีทุกบัญชีล่าสุดใหม่",1
"ขอวิธีตั้งค่าการรับข้อมูลบัญชีล่าสุดใหม่",0
"เว็บพนันออนไลน์แจกเครดิตฟรีทุกบัญชีล่าสุดใหม่",1
"ขอวิธีเปลี่ยนรหัสผ่านบัญชีทวิตเตอร์ล่าสุด",0
"เว็บพนันแจกเครดิตฟรีทุกยูสเซอร์ล่าสุด",1
"ขอวิธีตั้งค่าการรับข้อมูลยูสเซอร์ล่าสุด",0
"เว็บพนันฝากถอนง่ายปลอดภัยล่าสุด",1
"ขอวิธีเปลี่ยนรหัสผ่านบัญชียูทูบล่าสุด",0
"เว็บพนันแจกเครดิตฟรีทุกผู้ใช้ล่าสุด",1
"ขอวิธีตั้งค่าการรับข้อมูลผู้ใช้ล่าสุด",0
"เว็บหวยจ่ายจริง",1
"สอบถามวิธีการใช้งาน",0
"เว็บพนันแจกเครดิตฟรีล่าสุด",1
"ขอวิธีสมัครใช้งาน",0
"slot online โปรโมชั่น",1
"ขอวิธีเปลี่ยนภาษา",0
"เว็บพนันฝากถอนเร็ว",1
"ขอวิธีตั้งค่าความปลอดภัย",0
"เว็บพนันแจกโบนัสฟรี",1
"ขอวิธีลบบัญชี",0
"เว็บพนันออนไลน์อันดับหนึ่ง",1
"ขอวิธีเปลี่ยนเบอร์โทร",0
"เว็บพนันแจกเครดิตฟรีทุกวัน",1
"ขอวิธีตั้งค่าการแจ้งเตือน",0
"เว็บพนันฝากถอนง่าย",1
"ขอวิธีเปลี่ยนอีเมล",0
"เว็บพนันแจกเครดิตฟรีไม่อั้น",1
"ขอวิธีตั้งค่ารหัสผ่าน",0
"เว็บพนันออนไลน์จ่ายจริง",1
"ขอวิธีเปลี่ยนชื่อผู้ใช้",0
"เว็บพนันแจกเครดิตฟรีสูงสุด",1
"ขอวิธีตั้งค่าบัญชีธนาคาร",0
"เว็บพนันฝากถอนอัตโนมัติ",1
"ขอวิธีเปลี่ยนรหัสผ่านใหม่",0
"เว็บพนันแจกเครดิตฟรีทันที",1
"ขอวิธีตั้งค่าความเป็นส่วนตัว",0
"เว็บพนันออนไลน์แจกโบนัส",1
"ขอวิธีเปลี่ยนรูปโปรไฟล์",0
"เว็บพนันแจกเครดิตฟรีล่าสุด2025",1
"ขอวิธีตั้งค่าการชำระเงิน",0
"เว็บพนันฝากถอนปลอดภัย",1
"ขอวิธีเปลี่ยนรหัสผ่านบัญชี",0
"เว็บพนันแจกเครดิตฟรีทุกเดือน",1
"ขอวิธีตั้งค่าการรับข้อมูล",0
"เว็บพนันออนไลน์แจกเครดิตฟรี2025",1
"ขอวิธีเปลี่ยนรหัสผ่านอีเมล",0
"เว็บพนันแจกเครดิตฟรีทุกสัปดาห์",1
"ขอวิธีตั้งค่าการแจ้งเตือนบัญชี",0
"เว็บพนันฝากถอนสะดวก",1
"ขอวิธีเปลี่ยนรหัสผ่านโทรศัพท์",0
"เว็บพนันแจกเครดิตฟรีทุกปี",1
"ขอวิธีตั้งค่าการรับโปรโมชั่น",0
"เว็บพนันออนไลน์แจกเครดิตฟรีทุกวัน",1
"ขอวิธีเปลี่ยนรหัสผ่านไลน์",0
"เว็บพนันแจกเครดิตฟรีทุกชั่วโมง",1
"ขอวิธีตั้งค่าการรับโบนัส",0
"เว็บพนันฝากถอนเร็วที่สุด",1
"ขอวิธีเปลี่ยนรหัสผ่านเฟซบุ๊ก",0
"เว็บพนันแจกเครดิตฟรีทุกนาที",1
"ขอวิธีตั้งค่าการรับเครดิตฟรี",0
"เว็บพนันออนไลน์แจกเครดิตฟรีทุกเดือน",1
"ขอวิธีเปลี่ยนรหัสผ่านอินสตาแกรม",0
"เว็บพนันแจกเครดิตฟรีทุกวินาที",1
"ขอวิธีตั้งค่าการรับเงิน",0
"เว็บพนันฝากถอนง่ายที่สุด",1
"ขอวิธีเปลี่ยนรหัสผ่านทวิตเตอร์",0
"เว็บพนันแจกเครดิตฟรีทุกเทศกาล",1
"ขอวิธีตั้งค่าการรับรางวัล",0
"เว็บพนันออนไลน์แจกเครดิตฟรีทุกเทศกาล",1
"ขอวิธีเปลี่ยนรหัสผ่านยูทูบ",0
"เว็บพนันแจกเครดิตฟรีทุกโอกาส",1
"ขอวิธีตั้งค่าการรับสิทธิ์",0
"เว็บพนันฝากถอนปลอดภัยที่สุด",1
"ขอวิธีเปลี่ยนรหัสผ่านบัญชีธนาคาร",0
"เว็บพนันแจกเครดิตฟรีทุกกิจกรรม",1
"ขอวิธีตั้งค่าการรับข่าวสาร",0
"เว็บพนันออนไลน์แจกเครดิตฟรีทุกกิจกรรม",1
"ขอวิธีเปลี่ยนรหัสผ่านบัญชีอีเมล",0
"เว็บพนันแจกเครดิตฟรีทุกโปรโมชั่น",1
"ขอวิธีตั้งค่าการรับข้อมูลโปรโมชั่น",0
"เว็บพนันฝากถอนสะดวกที่สุด",1
"ขอวิธีเปลี่ยนรหัสผ่านบัญชีไลน์",0
"เว็บพนันแจกเครดิตฟรีทุกโบนัส",1
"ขอวิธีตั้งค่าการรับข้อมูลโบนัส",0
"เว็บพนันออนไลน์แจกเครดิตฟรีทุกโบนัส",1
"ขอวิธีเปลี่ยนรหัสผ่านบัญชีเฟซบุ๊ก",0
"เว็บพนันแจกเครดิตฟรีทุกเครดิตฟรี",1
"ขอวิธีตั้งค่าการรับข้อมูลเครดิตฟรี",0
"เว็บพนันฝากถอนเร็วปลอดภัย",1
"ขอวิธีเปลี่ยนรหัสผ่านบัญชีอินสตาแกรม",0
"เว็บพนันแจกเครดิตฟรีทุกบัญชี",1
"ขอวิธีตั้งค่าการรับข้อมูลบัญชี",0
"เว็บพนันออนไลน์แจกเครดิตฟรีทุกบัญชี",1
"ขอวิธีเปลี่ยนรหัสผ่านบัญชีทวิตเตอร์",0
"เว็บพนันแจกเครดิตฟรีทุกยูสเซอร์",1
"ขอวิธีตั้งค่าการรับข้อมูลยูสเซอร์",0
"เว็บพนันฝากถอนง่ายปลอดภัย",1
"ขอวิธีเปลี่ยนรหัสผ่านบัญชียูทูบ",0
"เว็บพนันแจกเครดิตฟรีทุกผู้ใช้",1
"ขอวิธีตั้งค่าการรับข้อมูลผู้ใช้",0
"เว็บพนันออนไลน์แจกเครดิตฟรีทุกผู้ใช้",1
"ขอวิธีเปลี่ยนรหัสผ่านบัญชีธนาคารใหม่",0
"เว็บพนันแจกเครดิตฟรีทุกบัญชีใหม่",1
"ขอวิธีตั้งค่าการรับข้อมูลบัญชีใหม่",0
"เว็บพนันฝากถอนเร็วปลอดภัยที่สุด",1
"ขอวิธีเปลี่ยนรหัสผ่านบัญชีอีเมลใหม่",0
"เว็บพนันแจกเครดิตฟรีทุกโปรโมชั่นใหม่",1
"ขอวิธีตั้งค่าการรับข้อมูลโปรโมชั่นใหม่",0
"เว็บพนันออนไลน์แจกเครดิตฟรีทุกโปรโมชั่นใหม่",1
"ขอวิธีเปลี่ยนรหัสผ่านบัญชีไลน์ใหม่",0
"เว็บพนันแจกเครดิตฟรีทุกโบนัสใหม่",1
"ขอวิธีตั้งค่าการรับข้อมูลโบนัสใหม่",0
"เว็บพนันฝากถอนสะดวกปลอดภัย",1
"ขอวิธีเปลี่ยนรหัสผ่านบัญชีเฟซบุ๊กใหม่",0
"เว็บพนันแจกเครดิตฟรีทุกเครดิตฟรีใหม่",1
"ขอวิธีตั้งค่าการรับข้อมูลเครดิตฟรีใหม่",0
"เว็บพนันออนไลน์แจกเครดิตฟรีทุกเครดิตฟรีใหม่",1
"ขอวิธีเปลี่ยนรหัสผ่านบัญชีอินสตาแกรมใหม่",0
"เว็บพนันแจกเครดิตฟรีทุกบัญชีใหม่ล่าสุด",1
"ขอวิธีตั้งค่าการรับข้อมูลบัญชีใหม่ล่าสุด",0
"เว็บพนันฝากถอนง่ายปลอดภัยที่สุด",1
"ขอวิธีเปลี่ยนรหัสผ่านบัญชีทวิตเตอร์ใหม่",0
"เว็บพนันแจกเครดิตฟรีทุกยูสเซอร์ใหม่",1
"ขอวิธีตั้งค่าการรับข้อมูลยูสเซอร์ใหม่",0
"เว็บพนันออนไลน์แจกเครดิตฟรีทุกยูสเซอร์ใหม่",1
"ขอวิธีเปลี่ยนรหัสผ่านบัญชียูทูบใหม่",0
"เว็บพนันแจกเครดิตฟรีทุกผู้ใช้ใหม่",1
"ขอวิธีตั้งค่าการรับข้อมูลผู้ใช้ใหม่",0
"เว็บพนันฝากถอนง่ายปลอดภัยใหม่",1
"ขอวิธีเปลี่ยนรหัสผ่านบัญชีธนาคารล่าสุด",0
"เว็บพนันแจกเครดิตฟรีทุกบัญชีล่าสุด",1
"ขอวิธีตั้งค่าการรับข้อมูลบัญชีล่าสุด",0
"เว็บพนันออนไลน์แจกเครดิตฟรีทุกบัญชีล่าสุด",1
"ขอวิธีเปลี่ยนรหัสผ่านบัญชีอีเมลล่าสุด",0
"เว็บพนันแจกเครดิตฟรีทุกโปรโมชั่นล่าสุด",1
"ขอวิธีตั้งค่าการรับข้อมูลโปรโมชั่นล่าสุด",0
"เว็บพนันฝากถอนสะดวกปลอดภัยล่าสุด",1
"ขอวิธีเปลี่ยนรหัสผ่านบัญชีไลน์ล่าสุด",0
"เว็บพนันแจกเครดิตฟรีทุกโบนัสล่าสุด",1
"ขอวิธีตั้งค่าการรับข้อมูลโบนัสล่าสุด",0
"เว็บพนันออนไลน์แจกเครดิตฟรีทุกโบนัสล่าสุด",1
"ขอวิธีเปลี่ยนรหัสผ่านบัญชีเฟซบุ๊กล่าสุด",0
"เว็บพนันแจกเครดิตฟรีทุกเครดิตฟรีล่าสุด",1
"ขอวิธีตั้งค่าการรับข้อมูลเครดิตฟรีล่าสุด",0
"เว็บพนันฝากถอนเร็วปลอดภัยล่าสุด",1
"ขอวิธีเปลี่ยนรหัสผ่านบัญชีอินสตาแกรมล่าสุด",0
"เว็บพนันแจกเครดิตฟรีทุกบัญชีล่าสุดใหม่",1
"ขอวิธีตั้งค่าการรับข้อมูลบัญชีล่าสุดใหม่",0
"เว็บพนันออนไลน์แจกเครดิตฟรีทุกบัญชีล่าสุดใหม่",1
"ขอวิธีเปลี่ยนรหัสผ่านบัญชีทวิตเตอร์ล่าสุด",0
"เว็บพนันแจกเครดิตฟรีทุกยูสเซอร์ล่าสุด",1
"ขอวิธีตั้งค่าการรับข้อมูลยูสเซอร์ล่าสุด",0
"เว็บพนันฝากถอนง่ายปลอดภัยล่าสุด",1
"ขอวิธีเปลี่ยนรหัสผ่านบัญชียูทูบล่าสุด",0
"เว็บพนันแจกเครดิตฟรีทุกผู้ใช้ล่าสุด",1
"ขอวิธีตั้งค่าการรับข้อมูลผู้ใช้ล่าสุด",0
